,SeriousDlqin2yrs,RevolvingUtilizationOfUnsecuredLines,age,NumberOfTime30-59DaysPastDueNotWorse,DebtRatio,MonthlyIncome,NumberOfOpenCreditLinesAndLoans,NumberOfTimes90DaysLate,NumberRealEstateLoansOrLines,NumberOfTime60-89DaysPastDueNotWorse,NumberOfDependents
1,1,0.766126609,45,2,0.802982129,9120,13,0,6,0,2
2,0,0.957151019,40,0,0.121876201,2600,4,0,0,0,1
3,0,0.65818014,38,1,0.085113375,3042,2,1,0,0,0
4,0,0.233809776,30,0,0.036049682,3300,5,0,0,0,0
5,0,0.9072394,49,1,0.024925695,63588,7,0,1,0,0
6,0,0.213178682,74,0,0.375606969,3500,3,0,1,0,1
7,0,0.305682465,57,0,5710,NA,8,0,3,0,0
8,0,0.754463648,39,0,0.209940017,3500,8,0,0,0,0
9,0,0.116950644,27,0,46,NA,2,0,0,0,NA
10,0,0.189169052,57,0,0.606290901,23684,9,0,4,0,2
11,0,0.644225962,30,0,0.30947621,2500,5,0,0,0,0
12,0,0.01879812,51,0,0.53152876,6501,7,0,2,0,2
13,0,0.010351857,46,0,0.298354075,12454,13,0,2,0,2
14,1,0.964672555,40,3,0.382964747,13700,9,3,1,1,2
15,0,0.019656581,76,0,477,0,6,0,1,0,0
16,0,0.548458062,64,0,0.209891754,11362,7,0,1,0,2
17,0,0.061086118,78,0,2058,NA,10,0,2,0,0
18,0,0.166284079,53,0,0.18827406,8800,7,0,0,0,0
19,0,0.221812771,43,0,0.527887839,3280,7,0,1,0,2
20,0,0.602794411,25,0,0.065868263,333,2,0,0,0,0
21,0,0.200923382,43,0,0.430046338,12300,10,0,2,0,0
22,1,0.025655677,38,0,0.475841386,3000,7,0,1,0,2
23,0,0.9999999,39,0,0.241103559,2500,4,0,0,0,0
24,0,0.075426584,32,0,0.085512189,7916,6,0,0,0,0
25,0,0.04656027,58,0,0.241621845,2416,9,0,1,0,0
26,1,0.392248482,50,0,1.595253368,4676,14,0,3,0,1
27,0,0.052436094,58,0,0.097672186,8333,22,0,1,0,0
28,0,0.034421473,69,0,0.042383047,2500,17,0,0,0,1
29,0,0.452515828,24,0,0.011761247,3400,1,0,0,0,0
30,0,0.392994586,58,2,0.436102527,5500,15,0,1,0,0
31,0,0.704073982,28,1,0.155201143,4200,8,0,0,0,0
32,0,0.9999999,24,0,0.472703063,750,1,0,0,0,0
33,0,0.083418009,62,0,977,NA,6,0,1,0,0
34,0,0.186868556,57,0,0.313812313,7000,9,0,2,0,0
35,0,0.693329681,42,2,0.257731959,2230,7,0,0,0,0
36,0,0,64,0,0.073538769,11000,9,0,1,0,0
37,0,0.881836362,50,3,0.567858035,4000,9,0,1,0,1
38,0,0.9999999,75,1,0.134078212,3400,1,0,1,0,1
39,0,0.363636364,26,0,0.00999001,1000,1,0,0,0,0
40,0,0.304490668,52,0,0.808340474,3500,10,0,2,0,0
41,0,0.71998531,41,1,0.539554464,5700,14,0,1,0,0
42,0,0.07289757,81,0,75,NA,7,0,0,0,0
43,0,0.469056842,31,0,0.048211004,9250,4,0,0,0,1
44,0,0.718705378,28,0,0.170125614,3661,4,0,0,0,1
45,0,0.368875933,68,0,1687.5,1,31,0,1,0,0
46,0,0.000602723,70,0,0.177787036,16800,12,0,1,0,2
47,0,0.061440132,62,0,0.011167837,3133,2,0,0,0,0
48,0,0.140110634,31,0,0.689370485,1937,4,0,2,0,0
49,0,0.834048027,38,0,0.393662026,13000,13,0,2,0,2
50,0,7.96E-05,70,0,0.256339661,6900,21,1,1,0,0
51,0,0.818977517,73,0,3095,0,9,0,1,1,0
52,1,0.728150491,31,0,0.824725092,3000,10,0,2,0,1
53,0,0.9999999,62,0,0,NA,1,0,0,0,0
54,0,0.028562367,51,0,0.306381499,5750,5,0,1,0,0
55,0,0.992015968,29,0,0.008064516,2231,1,0,0,0,0
56,0,0.070853769,55,0,0.073147745,13793,4,0,1,0,0
57,0,0.454971915,46,1,0.016921775,13000,10,0,0,0,1
58,0,0.401199782,64,0,0.351258937,3216,4,0,1,0,0
59,0,0.541108804,43,0,2477,NA,3,0,1,0,2
60,0,0.655569945,35,0,0.261609907,5813,10,0,0,0,2
61,0,0.651603452,58,0,0.241135663,7783,11,0,1,0,0
62,0,0.027399502,69,0,0.00803428,5600,3,0,0,0,0
63,0,0.101155821,72,0,1720,NA,12,0,2,0,0
64,0,0.009788862,46,0,1.051397656,3326,6,0,2,0,2
65,0,0.337520702,60,0,0.549877805,4500,10,0,2,0,0
66,0,0,67,0,0.540983607,3720,2,0,1,0,0
67,0,0.750873672,55,2,0.316416365,7723,17,0,1,0,1
68,0,0.006799093,27,1,0.681045752,764,3,0,0,0,0
69,0,0.004264079,31,0,0.111444278,2000,6,1,0,0,2
70,0,0.26948375,64,0,0.16106176,9455,13,0,1,0,3
71,0,0.265898391,36,0,0.262611807,8384,6,0,2,0,1
72,0,0.142013011,67,0,1824,NA,7,0,2,0,0
73,0,0.827708197,56,0,0.369590815,6793,15,1,1,0,0
74,0,0.059668871,31,0,3162,0,11,0,2,0,1
75,1,0.13306279,49,1,0.182881653,10257,9,0,2,0,3
76,0,0.234218112,36,0,0.116614347,8600,19,0,0,0,3
77,0,0.122295933,29,0,0.694646949,4800,5,0,1,0,0
78,0,0.460376317,37,0,0.074155949,4975,6,0,0,0,0
79,0,0.335558577,69,0,0.270448637,15000,14,0,2,0,1
80,0,0.270522569,41,0,2.797698945,1042,11,0,2,0,2
81,0,0.183316667,52,0,0.111131623,10833,14,0,2,0,1
82,0,0.074861676,66,0,0.208842479,4500,3,0,1,0,0
83,0,0.017258977,53,0,2.604510673,12414,13,0,1,0,2
84,0,0.054497069,56,0,0.492021814,4950,18,0,2,0,0
85,0,0.029164236,31,0,0.395031809,3300,10,0,1,0,0
86,0,0,58,0,0.316144874,4886,9,0,1,0,1
87,0,0.360509632,58,1,3282,NA,8,0,2,0,0
88,0,0.003749688,64,0,0.004061231,3200,5,0,0,1,0
89,1,0.734477501,45,0,0.591477634,4716,13,0,2,0,2
90,0,0.080564168,60,0,0.487288997,4916,15,0,2,0,0
91,0,0.039387786,51,0,15466,0,7,0,0,0,0
92,0,0.023767433,83,0,0.123797734,10500,13,0,0,0,0
93,0,0.784835658,52,0,2662,NA,10,0,2,1,0
94,0,0.888822236,34,0,0.368403802,3050,4,0,0,0,1
95,0,0.791173628,44,0,0.51241535,3100,5,0,1,0,0
96,0,0.24535301,37,0,0.288417167,6500,11,1,1,1,0
97,0,0.542242704,48,2,10,NA,2,0,0,0,NA
98,0,0.010531379,57,0,0.280664917,5714,6,0,1,0,0
99,0,0.363199686,32,0,0.480523957,2900,4,0,1,0,0
100,0,0.032617977,75,0,0.006799093,7500,4,0,0,0,0
101,0,0.013024674,61,0,15,NA,4,0,0,0,0
102,0,0.019387779,34,0,0.32591852,4000,9,0,1,0,0
103,0,0.634485057,52,0,0.138238573,2690,2,0,0,0,0
104,0,0.888008615,44,0,0.299246282,4908,8,0,0,0,1
105,0,0.003108849,57,0,0.258939285,8333,7,0,1,0,0
106,0,0.114830941,46,0,0.026235802,6250,6,0,0,0,3
107,0,0.018886792,80,0,0.003478779,10060,5,0,0,0,0
108,0,0.635415157,32,0,0.519493502,3000,4,0,1,0,1
109,0,0.9999999,62,0,0.664221287,8314,8,0,3,0,0
110,0,0.041257909,61,0,4739,NA,11,0,4,0,NA
111,0,0.096737158,47,0,0.009748781,8000,2,0,0,0,2
112,0,0.31844615,58,0,1.382629108,3833,26,0,4,0,0
113,0,0.186987534,52,0,0.023993145,3500,4,0,0,0,0
114,0,0.006541851,68,0,0.108089191,10000,10,0,2,0,1
115,0,0.180972181,39,1,0.384441575,3097,7,0,1,0,3
116,0,0.00750765,74,0,7,NA,4,0,0,0,0
117,0,0.06790706,46,0,0.149103029,10200,6,0,2,0,0
118,0,0.033461782,44,0,1.243362832,4067,5,0,2,0,1
119,0,0.007520592,68,0,269,NA,4,0,0,0,0
120,0,0.015271802,68,0,0.12290366,8168,6,0,0,0,0
121,0,0.51712072,31,0,0.123752495,500,3,0,0,0,0
122,0,0.317975796,34,0,0.297933792,4500,11,0,2,0,0
123,0,0.297594642,67,0,0.239507959,4145,13,0,0,0,0
124,0,0.444837661,58,0,0.366545247,14000,9,0,2,1,4
125,0,0.277956679,39,0,4090,NA,9,0,2,0,0
126,0,0.003722015,58,0,0.63332301,3228,5,0,1,0,0
127,0,0,61,0,0.2226598,3300,14,0,1,0,0
128,0,0,59,0,0.218854341,19167,13,0,2,0,0
129,0,0.151912549,36,0,0.266394467,12000,22,0,2,0,0
130,0,0,59,0,0.351699622,4500,12,0,1,0,0
131,0,0.175727593,43,1,994,NA,4,0,1,0,0
132,0,0.011498563,77,0,0.001998002,1000,1,0,0,0,0
133,0,0,48,0,0.517468688,4550,7,0,2,0,0
134,0,0.163037489,81,0,0.086482558,2751,7,0,0,0,1
135,0,0.047311582,51,0,0.100920343,3150,5,0,0,0,0
136,0,0.083880003,53,0,0.199647533,7943,8,0,1,0,0
137,0,0.089478348,56,0,1.065901518,2700,11,0,1,0,2
138,0,0.773519223,63,0,1.129227053,4139,12,0,1,0,1
139,0,0.093962275,55,0,0.112051635,9450,6,0,2,0,0
140,0,0.21955042,54,0,0.315983758,5417,20,0,2,0,1
141,0,0.147996253,55,0,0.323088235,6799,5,0,1,0,0
142,0,0.576518559,72,0,3031,NA,11,0,1,0,0
143,0,0.243872021,53,0,0.534027778,8639,22,0,2,0,3
144,0,0.362483818,27,0,567,NA,4,0,0,0,0
145,0,0.116676791,31,0,0.343593791,3800,7,0,1,0,0
146,0,0.9999999,38,0,0.43369976,5821,7,0,1,0,4
147,0,0.496911825,40,0,0.452363811,12500,11,0,2,0,2
148,0,0.130902106,48,1,0.427882174,3937,17,0,1,0,0
149,0,0.54699881,50,0,0.748071979,3500,9,0,2,0,3
150,0,0.072277109,34,0,0.025911708,2083,2,0,0,0,0
151,0,0,48,2,0.370876375,3000,14,0,1,0,5
152,0,0.175932019,57,1,0.655812625,3500,9,0,1,0,1
153,0,0.050789842,30,0,0.315171207,4000,4,0,1,0,1
154,0,0,28,0,0.144616356,3166,7,0,0,0,0
155,0,0.21286031,36,0,0.563752087,9583,10,0,2,0,1
156,0,0.012682366,60,0,0.412979783,6825,20,0,2,0,0
157,0,0.121557062,58,0,0.342971419,12000,23,0,2,0,4
158,0,0.040795358,49,0,0.801999355,3100,11,0,1,0,0
159,0,0.147712223,40,0,0.034847816,6800,6,0,0,0,3
160,0,0,63,0,2,NA,4,0,0,0,NA
161,0,0,50,1,0.726566993,3477,5,0,1,0,1
162,0,0.070771911,38,0,2088,NA,6,0,1,0,0
163,1,1.046279103,47,1,1.104301274,5416,6,0,2,0,1
164,0,0.323719804,63,0,0.610841267,5146,9,0,2,0,2
165,0,0.36459777,42,0,0.593899089,6916,7,0,3,0,0
166,0,0.637736406,54,2,3.382196162,1875,9,0,2,0,0
167,0,0.081379827,63,0,1268,NA,8,0,1,0,0
168,0,0.020966389,29,0,639.5,1,3,0,1,0,2
169,0,0.170103002,36,0,0.138461538,7734,8,0,0,0,0
170,0,0.771845631,33,0,0.852429514,5000,7,0,3,0,0
171,0,0.05538241,72,0,0.089091313,4500,4,0,0,0,0
172,0,0.9999999,29,0,974,NA,2,0,0,0,0
173,0,0.16653274,53,0,0.543625949,7506,11,0,3,0,3
174,0,0.008632035,79,0,0.365151154,4200,9,0,1,0,0
175,0,0.13527952,58,0,0.342005076,9455,11,0,2,0,2
176,0,0.167571389,69,0,0.330733853,5000,10,0,1,0,1
177,0,0.9999999,69,0,0.005319149,2255,0,1,0,0,3
178,0,0.068335151,75,0,0.010927876,10065,9,0,0,0,0
179,0,0,41,0,0.907538526,2400,6,0,1,0,0
180,1,0.946963874,35,0,1593,NA,6,0,1,0,1
181,0,0.405183973,46,0,0.667835346,7700,22,0,2,0,1
182,0,0.055549313,65,0,2177,NA,6,0,1,0,1
183,0,0.676195456,55,0,0.436665827,3970,10,1,1,0,0
184,0,0.184986787,55,4,3144,NA,11,0,1,0,0
185,1,0.085338293,51,0,0.477503628,6200,11,0,1,0,0
186,1,0,25,0,0.152896812,2916,3,0,0,1,0
187,1,0.786485406,44,0,0.291709578,3883,7,2,0,2,1
188,0,0.0112096,86,0,13,NA,3,0,0,0,0
189,0,0.03833451,56,0,0.438912218,5000,7,0,2,0,0
190,0,0.714980139,55,0,0.47090194,15000,12,0,2,0,3
191,0,0.043032042,64,0,0.332016389,6833,14,0,2,0,0
192,0,1.095083357,53,5,0.536703799,3500,7,1,1,2,0
193,0,0,49,0,2932,NA,11,0,1,0,0
194,0,0.9999999,55,0,0.156259612,3250,5,0,0,0,4
195,0,0.101430135,80,1,0.016196761,5000,9,0,0,0,0
196,1,0.025892469,38,0,74.5,1,13,0,0,0,2
197,0,0.762158561,44,4,0.224465502,21000,5,0,1,0,3
198,0,0.231692268,40,0,0.119660709,3300,7,0,0,0,0
199,0,0.114869499,35,0,103,NA,6,0,0,0,0
200,0,0.035489848,69,0,0.308438695,3400,9,0,1,0,0
201,0,0.045423864,64,0,0.181311286,5200,4,0,1,0,0
202,0,0.311954668,61,0,0.269281443,9866,12,0,2,0,2
203,0,0.078738916,46,0,0.166215372,4800,6,0,1,0,4
204,0,0.137609462,49,0,0.429533892,7272,11,0,2,0,0
205,0,0.030173038,64,0,0.17386957,9000,8,0,1,0,0
206,0,0.021978375,40,0,0.443755624,10000,12,0,5,0,2
207,0,0.443696851,27,0,0.024340075,5833,4,0,0,0,0
208,0,0.007506793,60,0,1253,NA,8,0,1,0,1
209,0,0.046640328,92,1,0.034326669,2650,13,0,0,0,0
210,0,0.292365949,50,0,0.420180551,8750,8,0,2,0,0
211,0,0.20808276,64,0,2826,NA,14,0,2,0,0
212,0,0.9999999,66,1,0.358101135,1937,4,1,0,0,0
213,0,0.013500824,53,0,0.183464028,19000,8,0,1,0,2
214,0,0.9999999,62,0,0.04965839,6000,1,0,0,0,0
215,1,0.655316473,63,0,5223,NA,19,0,2,0,0
216,0,0.9999999,50,2,1208,NA,4,0,1,0,0
217,0,0.028113957,61,0,0.031349387,2200,12,0,0,0,0
218,0,0.222696207,42,0,800,1,3,0,1,0,2
219,0,0.593985244,63,0,0.332698534,5250,4,0,2,0,0
220,0,0.017508178,73,1,0.135589153,4166,12,0,1,0,0
221,0,0.611865678,72,0,0.04578345,7600,3,0,1,0,0
222,0,0.333060631,52,3,0.700153374,5215,15,0,2,1,0
223,0,0.009025178,45,0,0.376836435,8167,4,0,1,0,2
224,0,0.260271523,44,0,0.296854804,6962,11,0,1,0,0
225,0,0.455950788,63,1,0.701766078,6001,19,0,2,0,0
226,0,0.080288098,37,0,0.322446259,6000,7,0,1,0,0
227,1,1.953488372,38,0,0.153500141,3556,5,0,0,0,2
228,0,0.181557324,36,0,0.56071964,2000,7,0,1,0,1
229,0,0.147123525,41,0,0.436025621,6400,5,0,1,0,2
230,0,0.025601772,63,1,0.262773723,10000,8,0,1,0,0
231,0,0,76,0,0.002465931,7704,3,0,0,0,0
232,0,0.196372799,43,0,0.537485582,2600,10,0,1,0,0
233,0,0.083945242,64,0,0.588073078,2900,6,0,1,0,0
234,0,0.034833091,67,0,0.460246187,12916,9,0,2,0,0
235,0,0.787522133,52,0,0.353860086,4416,12,0,0,0,1
236,0,0,66,0,3730,NA,8,0,1,0,0
237,0,0.125429152,55,0,0.476704659,5000,3,0,2,0,0
238,0,0.06037487,42,0,0.578676723,5833,17,0,2,0,2
239,0,0.9999999,28,0,0,NA,0,0,0,0,NA
240,0,0.295928252,47,0,0.283765445,14000,6,0,2,0,1
241,1,0.973339258,61,1,0.209961825,5500,11,0,0,1,1
242,0,0.002856735,73,0,0.000285687,10500,10,0,0,0,0
243,0,0.877564897,58,0,2825,NA,10,0,2,0,0
244,0,0.9999999,68,0,0.040493251,6000,0,0,0,0,0
245,0,0.053431552,41,0,0.20364404,9000,3,0,1,0,0
246,0,0.732660667,44,2,0.14041952,9200,15,0,1,0,0
247,0,0.084220458,42,0,0.458551158,6694,26,0,2,0,4
248,0,0.114561798,40,0,0.359964004,10000,20,0,2,0,2
249,0,0.012151003,78,0,0.008886914,4500,12,0,0,0,0
250,0,0.081310737,81,0,0.165566887,3333,4,0,0,0,0
251,0,0.09811305,49,0,0.257017809,6625,9,0,2,0,0
252,1,1.048210842,58,7,0.151956584,3500,12,0,0,0,0
253,0,0.011883886,54,0,0.092913547,9750,8,0,1,0,2
254,0,0.75264947,33,1,0.058322869,7166,6,0,0,0,0
255,0,0.112321289,53,0,0.266909775,8500,9,0,1,0,5
256,0,0,23,0,0,1725,1,0,0,0,0
257,0,0.634327056,49,1,0.123125125,15000,7,0,0,0,1
258,0,0.15576324,44,0,0.278077082,4825,4,0,1,0,2
259,0,0,63,0,0.007988922,9387,9,0,0,0,0
260,0,0.090614887,42,0,86,NA,5,0,0,0,0
261,0,0.034645112,65,0,0.125189985,12500,4,0,1,0,1
262,0,0.027446383,54,0,1612,NA,6,0,1,0,0
263,0,0.412398622,28,0,0.037259615,4991,5,0,0,0,0
264,0,0.024670782,78,0,392,NA,6,0,1,0,NA
265,0,0.046710961,66,0,1.117952819,2500,12,0,1,0,0
266,0,0.976531824,32,0,0.264078812,6800,6,0,0,0,2
267,0,0.007982621,43,1,0.009691169,208333,11,0,1,0,1
268,0,0.267541336,59,0,0.637607437,5700,13,0,2,0,1
269,0,0.019779326,76,0,0.267149259,2900,9,0,0,0,0
270,0,0.010402205,68,0,0.094140517,3600,6,0,1,0,0
271,0,0.9999999,61,0,0.529548989,1285,3,0,1,0,0
272,0,0.029816467,68,0,0.175139978,4464,12,0,1,0,1
273,0,0.181713732,57,0,0.130453416,11666,17,0,1,0,1
274,0,0.051368557,68,0,0.445277361,4668,10,0,1,0,2
275,0,0.29264536,57,0,0.205927884,26484,11,0,2,0,3
276,1,0.220823719,46,1,0.637749121,1705,5,0,0,0,0
277,0,0.008099838,69,0,0.389895596,8332,3,0,1,0,0
278,0,0,44,0,0.326383681,6666,4,0,2,0,1
279,0,0.006099797,28,0,0.139429485,3750,8,0,0,0,0
280,0,0.909538698,53,1,0.595653913,7500,16,0,1,0,1
281,0,0.941072508,40,0,0.178184282,8855,9,0,1,0,0
282,0,0.991667222,36,1,0.554878049,5411,10,0,2,0,1
283,0,0.691488418,42,0,0.272721679,16250,11,0,1,0,1
284,0,0.112855258,64,0,0.307576329,2652,6,0,1,0,0
285,0,0.260971034,57,0,5439,NA,16,0,3,0,NA
286,0,0.048244493,62,0,0.262879153,16615,11,0,1,0,1
287,0,0.9999999,47,0,0.092163472,9493,2,2,0,1,0
288,0,0.9999999,62,0,0,5480,3,0,0,0,0
289,0,0.074256375,49,0,0.347930414,5000,11,0,2,0,3
290,0,0.144878408,66,0,0.28446242,8900,9,0,1,0,0
291,0,0.191001932,54,0,0.705627706,5081,10,0,2,0,2
292,0,0.219382879,56,1,942,NA,9,0,1,0,1
293,0,0.679813777,83,0,0.689589756,4216,6,0,2,0,0
294,0,2340,45,0,0.339332853,8333,7,0,2,0,2
295,0,0.371875401,29,0,0.53628857,2300,9,0,1,0,3
296,0,0.025856408,67,0,0.083799311,13054,13,0,1,0,0
297,0,0.547887778,29,1,0.24651504,2725,5,0,0,1,0
298,0,0.271668778,46,1,0.282830201,15800,14,0,2,0,4
299,0,0.085152475,25,0,1005,0,5,0,0,0,0
300,0,0.897203427,68,0,0.787803049,4000,8,0,2,0,0
301,0,0.25889775,33,0,0.537441339,4900,3,0,1,0,1
302,0,0,55,1,0.03988553,5590,8,0,0,0,0
303,0,0.035940506,46,0,0.271186441,6666,10,0,1,0,3
304,0,0.9999999,66,0,0.046633911,11600,2,0,0,0,1
305,0,0.465238835,66,0,0.391427671,3172,8,1,1,0,0
306,0,0.865423051,48,0,0.075848303,500,1,0,0,0,0
307,0,0.696411671,52,0,0.408871921,11000,11,0,1,0,4
308,0,0.544497658,32,1,0.166766647,6667,5,1,0,0,0
309,0,0.081238383,51,0,0.066830086,7750,14,0,0,0,2
310,0,0.948762809,27,0,0.144948404,4166,5,0,0,0,0
311,0,0,32,2,0.463610776,7460,10,0,1,1,0
312,0,0.016598893,30,0,0.136575616,1500,5,0,0,0,0
313,0,0.063329564,37,0,0.329935275,6179,6,0,1,0,3
314,0,0.093638481,49,0,0.042836573,8333,10,0,0,0,1
315,0,0,37,0,0.184027338,7900,5,0,1,0,5
316,0,0.730271957,36,1,0.632794037,5500,10,0,2,0,0
317,0,0.426371142,62,1,0.406053995,3666,15,0,1,0,0
318,0,0.948978489,57,0,0.043744532,8000,3,0,0,0,1
319,0,0,59,0,0,4200,7,0,0,0,1
320,0,1.00264667,38,2,0.472542946,3550,8,1,0,1,4
321,0,0.0164781,92,0,10,NA,3,0,0,0,0
322,0,0.042606843,58,0,3976,NA,13,0,3,0,0
323,0,0.022890604,37,0,0.288477299,6100,16,0,1,0,0
324,0,0.283821988,63,0,0.750200803,1244,9,0,0,0,0
325,0,0.319779462,32,0,1.247340213,12500,12,0,8,0,0
326,0,0.155240525,52,0,0.483518065,6946,15,0,2,0,1
327,0,0.013115183,43,0,4211,0,21,0,2,0,2
328,0,0.067259209,29,1,0.168340507,2090,3,0,0,0,0
329,0,0.284236153,45,1,0.318890815,7500,9,0,1,0,2
330,0,0.727560021,38,0,0.712458746,2423,6,0,1,0,1
331,0,0.687779097,62,0,0.249471161,7090,15,0,0,0,0
332,0,0.9999999,29,0,0,NA,0,0,0,0,0
333,0,0.033708851,41,0,0.408706353,6500,9,0,1,0,2
334,0,0,29,0,0.193935355,3000,7,0,0,0,0
335,1,0.03719769,47,0,0.03975841,25000,11,0,1,0,3
336,0,0,55,1,0.388320836,4400,4,0,2,0,1
337,0,0.053589282,87,0,0.001534331,5213,4,0,0,0,0
338,0,0.100773109,41,0,0.199761673,9230,7,0,1,0,0
339,0,0,61,0,1.394967177,913,11,0,2,0,0
340,0,0.399946674,28,0,0.189702574,4000,6,0,0,0,1
341,0,0.052653171,43,0,0.572292191,1984,9,0,0,0,4
342,0,0.072318616,71,0,0.426412462,4300,8,0,2,0,1
343,0,0.203959597,46,0,0.072914726,16100,6,0,1,0,2
344,0,0.9999999,30,0,0.090341011,5600,1,0,0,0,0
345,1,0.880370887,43,0,0.461323764,7523,6,0,1,0,1
346,0,0.429246267,59,0,0.381254316,15928,17,0,1,0,1
347,0,0,47,0,773,NA,2,0,1,0,1
348,0,0.049529205,61,0,542,NA,15,0,0,0,0
349,0,0.360907571,72,0,0.356679286,3697,6,0,1,0,0
350,0,0.335737457,50,0,0.45722203,5773,9,0,1,0,1
351,1,0.635720859,68,1,0.218071277,25000,27,0,3,0,0
352,0,0,58,0,8380,NA,20,0,5,0,0
353,0,0.507972665,69,2,0.193935355,3000,10,2,0,2,0
354,0,0.245841666,71,0,151,NA,5,0,0,0,0
355,1,0.953343701,48,2,2073,NA,5,1,2,2,0
356,0,0.9999999,37,0,0.184625639,4500,2,0,0,0,1
357,0,0.118853837,50,0,2720,NA,7,0,1,0,2
358,0,0.630073985,38,0,0.563328034,1886,3,0,1,0,0
359,0,0.9999999,35,0,3388,NA,1,0,1,0,0
360,0,0.028423247,59,0,0.033982276,14330,12,0,1,0,0
361,0,0.143427862,67,0,0.119463561,5666,9,0,0,0,0
362,0,0.186682782,30,0,0.698120752,2500,7,0,2,0,2
363,0,0.496388581,56,0,0.170164956,19580,12,0,1,0,1
364,0,0.457526639,51,0,0.333583302,8000,16,0,2,0,2
365,0,0.728218119,40,1,3878,NA,10,0,2,0,0
366,0,0.947264856,28,0,0.467171717,1187,4,0,0,0,0
367,0,0.013916922,54,0,0.017655818,4700,7,0,0,0,2
368,0,0.066347297,46,1,4480,NA,6,0,2,0,0
369,0,0.502958087,57,0,6381,NA,5,0,2,0,0
370,0,1.047495906,35,2,0.314566116,3871,8,0,2,1,3
371,0,0.012586354,79,0,0.009596162,2500,11,0,0,0,0
372,0,0.543445655,46,0,0.267146571,5000,6,0,2,0,3
373,0,0.026580302,79,0,1063,NA,7,0,1,0,0
374,0,0.082317351,64,0,0.214426305,8636,29,0,1,0,1
375,0,0.292541492,74,0,0.164917541,2000,3,0,0,0,0
376,0,0.024240472,64,0,0.101514142,10500,20,0,1,0,0
377,0,0.047650102,63,0,0.387956894,9000,6,0,2,0,0
378,1,0.739146488,63,1,0.285156885,6150,12,0,0,0,1
379,0,0.186890655,54,0,0.655589124,3640,7,0,1,0,1
380,0,0.007501937,63,0,0.278226307,8050,13,0,2,0,3
381,0,0.522314625,45,0,0.290229092,14491,13,0,1,0,3
382,0,0.9999999,22,0,130,NA,0,0,0,0,NA
383,0,0.571604587,66,0,870,NA,12,0,0,0,NA
384,0,0.903231566,57,0,0.13080895,5228,10,0,0,0,0
385,0,0.017043518,43,0,0.10821382,2300,6,0,0,0,1
386,0,0.060733396,61,0,0.008549573,20000,8,0,0,0,0
387,0,0.000582648,54,0,2028,NA,13,0,1,0,1
388,0,0.003894686,90,0,876,NA,11,0,1,0,0
389,0,0.250008365,60,0,2.086478612,7550,26,0,0,0,0
390,0,0.466334165,34,2,0.007495315,3201,3,0,0,0,0
391,0,0.114588541,38,0,34,NA,2,0,0,0,0
392,0,0.9999999,60,0,0,4200,0,0,0,0,0
393,0,0.267905614,76,0,0.285452994,8200,12,0,0,0,0
394,0,0.029694361,76,0,0.070513488,9600,7,0,0,0,2
395,0,0.305246317,39,0,0.188281635,10154,6,0,1,0,2
396,0,0.000685675,83,0,0,NA,4,0,0,0,0
397,0,0.702493864,63,0,0.582162622,4697,8,0,2,0,1
398,0,0.742436041,52,0,0.414081023,9700,10,0,2,0,0
399,1,0.802417179,58,1,668,NA,5,1,0,0,0
400,0,0.9999999,42,1,0.113421853,6250,3,3,0,1,2
401,0,0.134191514,63,0,926.5,1,9,0,1,0,0
402,0,0.002556199,58,0,0.115826132,7752,17,0,0,0,2
403,0,0.088845558,62,0,0.073772011,5394,5,0,0,0,0
404,0,0.203947961,46,1,1.206516118,5800,12,1,4,0,2
405,0,0.006666097,27,0,0.000268637,7444,5,0,0,0,0
406,0,0.014049649,27,0,0.352214765,3724,4,0,1,0,1
407,0,0.9999999,35,1,0.092985318,3064,1,0,0,0,3
408,0,0.368866624,55,0,0.437996083,9700,18,0,2,0,0
409,0,0.054553316,73,0,0.043259135,16666,13,0,0,0,0
410,0,0.179487766,51,0,0.492529978,10173,19,0,4,0,0
411,0,0.026885902,36,0,0.344879921,11200,6,0,2,0,2
412,0,0.265705207,56,0,0.259102536,31666,8,0,3,0,1
413,0,0,59,0,2113,NA,13,0,2,0,NA
414,0,0.011847989,49,0,1599,NA,12,0,1,0,0
415,0,0.07083751,64,0,0.255290785,6000,6,0,0,0,1
416,0,0.030996074,56,0,0.131430952,4800,11,0,1,0,0
417,0,0.144914011,37,0,0.045366363,6700,5,0,0,0,0
418,0,0.353017659,48,0,1.299736021,4166,17,0,1,0,1
419,0,0.020074662,36,0,0.334245422,4750,5,0,1,0,0
420,0,0.032769199,70,0,724,NA,11,0,1,0,0
421,1,0.733885463,49,2,0.369223765,8785,20,0,2,0,2
422,0,0.063514422,57,0,2221.5,1,12,0,2,0,0
423,0,0.03157211,39,0,0.644706486,3900,14,0,1,0,1
424,1,0.991502124,61,10,1.2979007,3000,11,2,3,5,1
425,0,0.397702982,38,0,0.41627543,5750,6,0,1,0,2
426,0,0.971352432,24,0,0.035803497,1200,3,0,0,0,0
427,0,0.9999999,33,0,1786,NA,3,0,1,0,0
428,0,0,73,0,0.386728192,4550,18,0,0,0,0
429,0,0.9999999,79,0,0.130140954,5178,6,0,1,0,0
430,0,0.003851709,81,0,0.000822143,3648,1,0,0,0,1
431,0,0.010887967,55,0,0.725137431,2000,7,0,2,0,0
432,0,0.686083014,57,0,0.16069592,11667,6,1,1,0,2
433,0,0.212464485,58,0,0.518991188,3290,10,0,1,0,1
434,0,0.006956358,52,0,0.003278689,2439,4,0,0,0,0
435,0,0.073251754,51,0,0.446688128,10250,9,0,1,0,2
436,0,0.431904058,63,0,0.41905226,8208,22,1,2,0,0
437,0,0.006999563,97,0,3,NA,2,0,0,0,NA
438,0,0.014310431,56,0,13,NA,2,0,0,0,0
439,0,0.026944485,41,0,0.686736475,4583,8,0,3,0,0
440,0,0.297094601,43,1,0.603763294,3666,9,0,1,0,2
441,0,0.316064767,56,0,1348,NA,3,0,1,0,0
442,0,0,59,0,862,NA,2,0,1,0,0
443,0,0.922670104,40,0,0.207789429,9345,7,0,0,0,0
444,0,0.051077957,74,0,0.306409131,3416,9,0,1,0,0
445,0,0.319190816,49,0,0.358153388,9400,18,0,2,0,0
446,0,0.008737352,68,0,0.209965006,6000,28,0,1,0,0
447,0,0,57,0,0.785229953,6783,8,0,3,0,0
448,0,0.243674266,48,0,0.179979778,8900,10,0,1,0,6
449,0,0.9999999,40,1,0.19170579,3833,3,2,0,0,2
450,0,0,23,0,0,3500,1,0,0,0,1
451,0,0.028910707,52,0,0.013543599,5389,7,0,0,0,2
452,0,0.03423863,48,0,2045,NA,3,0,1,0,0
453,0,0.50329934,55,0,0.454057468,3166,5,0,2,0,0
454,0,0.799981673,61,3,0.671076012,5064,19,0,3,1,0
455,0,0.069987933,33,0,0.114004783,3762,7,0,0,0,0
456,0,0.067901335,69,0,0.065493451,10000,5,0,1,0,0
457,0,0.740635161,39,0,0.432010059,5566,7,0,1,0,0
458,0,0.023382944,84,0,0.00912845,4600,6,0,0,0,0
459,0,0.9999999,32,2,0.095584668,2060,1,0,0,0,0
460,0,0.003625197,78,0,726,NA,8,0,1,0,NA
461,0,0.092287617,61,0,0.229436075,7500,23,0,2,0,2
462,0,0,37,0,0.177007047,7236,5,0,1,0,3
463,0,0.9999999,33,1,0.257707218,5416,2,2,1,0,1
464,0,0.057867667,81,0,0.145685279,3939,13,0,0,0,0
465,0,0.07807727,60,0,0.566105156,3917,14,0,1,0,2
466,0,0.201943642,46,0,0.394460554,10000,15,0,2,0,3
467,0,0.077958915,57,0,0.053530226,6500,19,0,0,0,0
468,0,0.205676486,57,0,0.130309575,8333,8,0,1,0,0
469,1,0.9999999,32,0,0.006731051,3416,1,0,0,0,3
470,1,0.57985084,42,0,0.594224361,2700,8,0,0,0,0
471,0,0.073393457,38,1,0.384761524,10000,9,0,2,0,0
472,0,0.079178219,82,0,0.176964607,5000,3,0,1,0,0
473,0,0.073123172,33,0,0.216405216,5290,9,0,0,0,0
474,0,0.745173448,68,0,0.168767792,4917,4,0,1,0,0
475,0,0.10088331,52,1,0.280494456,5500,6,1,1,0,2
476,0,0.347665233,46,0,0.041583367,2500,1,0,0,0,1
477,0,0.102031508,66,0,90,NA,4,0,0,0,0
478,0,0.354125994,57,0,0.558762411,4330,4,0,1,0,0
479,0,0.029643294,50,0,0.399106478,9400,15,3,4,0,0
480,0,0.540204354,34,0,0.034395414,7500,3,1,0,0,0
481,0,0.640927271,53,4,0.52409692,11266,17,0,2,0,3
482,0,0.058271403,76,0,0.374304267,4311,7,0,1,0,0
483,0,0.719305764,64,0,0.186225718,6228,5,0,1,0,0
484,0,0.045017363,72,0,0.020763907,3900,8,0,0,0,0
485,0,0.35592819,48,0,0.478090767,7667,17,0,2,0,0
486,0,0.57762185,71,1,0.4925,6399,14,0,2,0,1
487,0,0.015054291,59,0,929,NA,11,0,1,0,2
488,0,0.320593837,53,0,1.114622389,5600,14,0,1,0,1
489,0,0.047587303,34,0,997,NA,4,0,0,0,NA
490,0,0.173428408,51,1,0.086269282,5250,11,0,0,0,0
491,0,0.401789055,55,0,0.412779302,2550,11,0,0,0,0
492,0,0.301152442,46,0,0.254661625,7668,10,0,1,0,3
493,0,0,27,2,0.229139073,2264,5,2,0,1,0
494,0,0.067512585,43,0,0.44723563,9115,4,0,2,0,0
495,0,0,75,0,0.205971968,1640,4,0,0,0,1
496,0,0.993335555,31,0,0.068227425,4484,6,0,0,0,1
497,0,0.138793584,43,0,0.384074741,11666,9,0,5,0,0
498,0,0.193584801,51,0,0.532754538,3800,13,0,2,0,0
499,0,0.001124859,28,1,0.057990335,6000,8,1,0,0,0
500,0,0.485558448,51,0,0.09963548,6583,5,0,0,0,0
501,0,0.979521555,55,1,0.467850417,7433,11,0,2,2,0
502,0,0.090641506,69,0,0.016683267,4015,2,0,0,0,0
503,0,0.38480769,42,0,0.533099636,7416,5,0,1,0,3
504,0,0.183676155,33,0,0.660528423,2497,9,0,1,0,0
505,0,0.018124667,60,0,0.023181455,1250,4,0,0,0,1
506,1,0.9999999,54,0,0.228402866,2372,2,0,0,1,0
507,0,0.290320472,48,0,0.262848568,7996,7,0,1,0,3
508,0,0.052161271,49,0,0.067629397,6993,5,0,0,0,1
509,0,0.9999999,73,0,8500,0,2,0,0,0,0
510,0,0.9999999,91,0,0,NA,3,0,0,0,NA
511,0,0.412657703,66,1,0.195074372,4100,7,1,0,0,0
512,0,0.091201293,49,1,0.568886223,5000,15,0,2,0,0
513,0,0.500234532,46,0,0.278025952,4700,10,0,1,0,1
514,1,0.913140498,37,2,1.620344914,4000,16,0,3,0,1
515,0,0.056390008,54,0,2126,NA,8,0,1,0,0
516,0,0.611388611,22,0,0.347066167,800,4,0,0,0,0
517,0,0.065630892,31,0,0.162635688,5250,10,0,0,0,0
518,0,0.499666889,39,0,0.450171821,3200,8,0,1,0,0
519,0,0.9999999,56,0,7,NA,1,0,0,0,0
520,0,0.289470539,44,0,0.4825614,8916,17,0,2,0,1
521,1,0.814154511,50,1,0.297139683,3600,8,0,1,1,1
522,0,0.016406971,55,0,0.001785714,5599,3,0,0,0,2
523,0,0.078497383,52,0,0.207274054,8220,5,0,1,0,3
524,0,0.029692431,58,2,0.287187752,6204,19,0,1,0,0
525,0,0.01255887,62,0,0.044762033,7416,5,0,0,0,0
526,0,0.062093267,42,0,0.230261579,8333,6,0,1,0,4
527,0,0.074201053,47,0,1215,NA,4,0,1,0,NA
528,0,0.551889862,42,1,0.790613718,3600,18,0,2,0,1
529,1,0.640058527,39,0,0.055984556,9841,9,0,0,0,2
530,0,0.581815774,45,0,0.724784402,8000,11,0,2,0,0
531,0,0,82,0,0,NA,3,0,0,0,0
532,0,0,64,0,3819,NA,3,0,2,0,NA
533,0,0.312068793,55,1,0.127071823,1266,5,0,0,0,0
534,0,0.266371179,58,0,0.498488489,12900,12,0,1,0,2
535,0,0.040186458,35,0,0.300839136,5600,8,0,2,0,1
536,0,0.749602291,62,0,7963,NA,7,0,2,0,3
537,1,0.955545894,52,1,0.524949909,10480,11,0,3,0,1
538,0,0.086635409,40,0,887,0,8,0,1,0,1
539,0,0.212768452,57,0,2301,NA,17,0,2,0,0
540,0,0.9543957,45,2,0.4842141,8836,10,0,1,0,1
541,0,0.188256123,27,0,0.881825173,3900,6,0,1,0,1
542,0,1.245847176,24,1,499,NA,4,1,0,0,NA
543,0,0.014049887,37,0,0.674399608,6120,9,0,1,0,0
544,0,0.329609837,36,0,0.437743191,3597,16,0,2,0,2
545,0,0.484099985,40,0,0.423251505,10794,9,0,2,0,2
546,0,0,86,0,2,NA,9,0,0,0,0
547,0,0.035113768,56,0,87,NA,11,0,0,0,0
548,0,0.084826988,59,0,0.53418212,3612,9,0,2,0,0
549,0,0.9999999,40,0,0.60616581,7200,6,0,3,0,0
550,0,0.152250785,49,0,0.030774358,9000,3,0,0,0,0
551,0,0.2128856,66,0,0.351891786,5100,10,0,1,0,0
552,0,0.9999999,63,3,0.200843235,5217,5,0,1,1,4
553,0,0.9999999,45,0,461,NA,2,0,0,0,0
554,0,0,30,0,0,4700,1,0,0,0,1
555,0,0.576284725,36,0,0.785404865,3000,10,0,1,0,1
556,0,0.408215982,39,0,677,NA,4,0,0,0,2
557,0,0,27,0,0,4500,5,0,0,0,0
558,0,0.10680013,44,3,0.747375437,6000,8,0,3,0,2
559,0,0.004552998,34,0,3,NA,2,0,0,0,0
560,0,0.277436128,59,0,0.388566694,3620,8,0,1,0,1
561,0,0.285342534,38,0,0.08951092,3250,4,0,0,0,3
562,0,0.162077194,38,0,0.024885359,70000,6,0,1,0,2
563,0,0.57073821,39,0,1314,NA,5,2,2,0,0
564,0,0.622524722,43,0,0.353883732,10234,8,0,1,0,0
565,0,0.113165062,57,0,3169,NA,16,0,1,0,3
566,0,0,75,0,0.527431421,801,4,0,1,0,0